0,1,2,3,4,5,6,7,8,9,10,11,12,13,14,15,16,17,18,19,20,21,22,23,24,25,26,27,28,29,30,31,32,33,34,35,36,37,38,39,40,41,42,43,44,45,46,47,48,49,50,51,52,53,54,55,56,57,58,59
MR. DIPANJAN GUHA CHOWDHURY,INSTITUTE SCHOLAR(MHRD FUNDING),ELECTRICAL SCIENCES,COMPUTER SCIENCE,426,GEN,NO,West Bengal Board of Secondary Education,NA,2009,1st,72,,,West Bengal Council of Higher Secondary Education,Science,2011,2nd,53,,,Other UG,West Bengal University of Technology,Computer Application,2014,1st,,6.9,10,Other,West Bengal University of Technology,Computer Application,2018,1st,,7.9,10,MTECH,NIT Durgapur,Operations Research,2021,1st,,8.23,,NO,GATE,Computer Science and Information Technology,426,,8252,2019,2022,NA,NA,,,,0,
MR. AUROBINDA BHARAT MAHARANA,NON-TEACHING STAFF(IIT BHUBANESWAR),ELECTRICAL SCIENCES,COMPUTER SCIENCE,417,GEN,NO,St. Paul School Rourkela,NA,2012,,80,,,Delhi Public School Rourkela,Science,2014,,65,,,B.Tech.,National Institute of Science and Technology Berhampur,Computer Science and Enggineering,2018,,,7.11,10,M.Tech.,Kalinga Institute of Industrial Technology Bhubaneswar,Computer Science,2021,,,8.73,10,NA,NA,NA,NA,NA,NA,NA,NA,YES,GATE,Computer Science,417,,7878,2018,2021,NA,NA,,,,0,
MR. ATAL BEHARI SINHA,INSTITUTE SCHOLAR(UGC-CSIR FUNDING),ELECTRICAL SCIENCES,COMPUTER SCIENCE,278,SC,NO,JNV UTTAR DINAJPUR,NA,2010,,93.1,9.8,10,JNV NORTH 24PARGANAS,ENGLISH PHYSICS CHEMISTRY MATHEMATICS COMPUTER SCIENCE,2012,,69.4,,,B.Sc.,UNIVERSITY OF CALCUTTA,COMPUTER SCIENCE,2015,,63.12,,,M.Sc.,UNIVERSITY OF CALCUTTA,COMPUTER AND INFORMATION SCIENCE,2018,,72.33,6.72,10,M.Tech.,JAWAHARLAL NEHRU UNIVERSITY,STATISTICAL COMPUTING( DATA SCIENCE),2021,,,6.26,9,NO,GATE,COMPUTER SCIENCE AND INFORMATION TECHNOLOGY,278,24198,,2020,2023,COMPUTER SCIENCE AND APPLICATION,2020,,,,0,
MS. PRANJALI SINGH,INSTITUTE SCHOLAR(MHRD FUNDING),ELECTRICAL SCIENCES,COMPUTER SCIENCE,359,OBC,NO,Deoria Senior Secondary School,NA,2010,1,,6.4,10,Mittal International School,Physics Chemistry Mathematics English,2012,2,59.2,,,B.Tech.,Pranveer Singh Institute of Technology,Computer Science & Engineering,2016,1,68.9,,,M.Tech.,Dr. B.R. Ambedkar National Institute of Technology,Computer Science & Engineering,2021,1,75.1,7.51,10,NA,NA,NA,NA,NA,NA,NA,NA,YES,GATE,Computer Science & Information Technology,359,86.59,13392,2019,2022,NA,NA,,,,0,
MR. SACHIN SAHU,INSTITUTE SCHOLAR(MHRD FUNDING),ELECTRICAL SCIENCES,COMPUTER SCIENCE,441,GEN,NO,BSE ODISHA,NA,2005,FIRST,76.93,,,CHSE ORISSA,SCIENCE,2007,SECOND,57.77,,,B.Tech.,BPUT ORISSA,B.TECH,2011,FIRST,,7.64,10,M.Tech.,NIT PATNA,M.TECH,2019,FIRST,,8.05,10,NA,NA,NA,NA,NA,NA,NA,NA,YES,GATE,CS,441,,6650,2020,2023,NA,NA,(1) IIIT ALLAHABAD (2) JECRC UNIVERSITY,(1) JRF (2) ASSISTANT PROFESSOR,(1) 05/01 (2) 03/00,20,(1) RESEARCH (2) TEACHING
MS. SHILPI KUMARI,INSTITUTE SCHOLAR(MHRD FUNDING),ELECTRICAL SCIENCES,COMPUTER SCIENCE,470,OBC,NO,S R Vidya Mandir Mukundpur Bhagalpur Bihar,NA,2011,,89.3,9.4,10,DAV Public School Sector IV B S City Bokaro Jharkhand,Physics Chemistry Mathematics Physical Education English Biology,2012,,77,,,B.Tech.,Maharishi Arvind Institute of Engineering and Technology Jaipur,Computer Science and Engineering,2018,,71.74,,,M.Tech.,Jawaharlal Nehru University New Delhi,Computer Science and Technology,2021,,76,7.1,9,NA,NA,NA,NA,NA,NA,NA,NA,NO,GATE,CS19S33030062,470,94.05,5945,2019,2022,COMPUTER SCIENCE AND APPLICATIONS,2020,,,,0,
MR. SOUVIK HALDER,INSTITUTE SCHOLAR(MHRD FUNDING),ELECTRICAL SCIENCES,COMPUTER SCIENCE,428,SC,NO,West Bengal Board Of Secondary Education,NA,2010,FIRST,82,,,West Bengal Council of Higher Secondary Education,SCIENCE,2012,FIRST,78.6,,,B.Tech.,Government College of Engineering And Ceramic Technology,IT,2016,FIRST,,8.61,10,M.Tech.,Indian Institute of Engineering Science and Technology Shibpur,CSE,2019,FIRST,72,,,NA,NA,NA,NA,NA,NA,NA,NA,YES,GATE,CS AND IT,428,32,6813,2017,,COMPUTER SCIENCE AND APPLICATION,2019,,,,0,
MR. VADDE CHANDRA,NON-TEACHING STAFF(IIT BHUBANESWAR),ELECTRICAL SCIENCES,COMPUTER SCIENCE,,OBC,NO,SSC AP,NA,2001,first,77.5,,,APSWRJC KANEKALATP AP,MPC,2003,first,77.5,,,B.Sc.,ARTS COLLAGE ANANTAPUR,ELECTRONI CS,2006,first,68,,,M.Tech.,BITS PILANI,SOFTWARE SYSTEMS,2020,first,,7.26,10,MCA,SV UNIVERSITY AP,COMPUTER APPLICATIO NS,2012,,65.8,,,NO,,,,,,,,NA,NA,,,,0,
MR. SUNIL KUMAR,INSTITUTE SCHOLAR(UGC-CSIR FUNDING),ELECTRICAL SCIENCES,COMPUTER SCIENCE,445,OBC,NO,JPNS HIGH SCHOOLNARHANSAMASTIPUR,NA,2009,FIRST,74.8,,10,JANTA COLLEGESINGHIA BUJURGSAMASTIPUR,MATHPHYSICSCHHEMISTRYHINDIENGLISH,2011,FIRST,60,,10,B.Tech.,BHAGALPUR COLLEGE OF ENGINEERINGBHAGALPURBIHAR,COMPUTER SCIENCE AND ENGINEERING,2017,FIRST,70.67,,10,M.Tech.,NATIONAL INSTITUTE OF TECHNOLOGYDURGAPURWEST BENGAL,COMPUTER SCIENCE AND ENGINEERING,2021,FIRST,7.88,,10,NA,NA,NA,NA,NA,NA,NA,NA,YES,GATE,COMPUTER SCIENCE AND INFORMATION TECHNOLOGY,445,,6458,2020,2023,NA,NA,,,,0,
MS. AKANKSHA AYUSHI,NON-TEACHING STAFF(IIT BHUBANESWAR),ELECTRICAL SCIENCES,COMPUTER SCIENCE,513,GEN,NO,CBSE,NA,2012,1,85,9,10,CBSE,PHYSICS CHEMISTRY MATHEMATICS ENGLISH PHYSICAL EDUCATION,2014,1,88,,,B.Tech.,VBU,CSE,2019,1,79,7.9,10,M.Tech.,B.I.T MESRA,CS,2021,1,89,8.9,10,NA,NA,NA,NA,NA,NA,NA,NA,YES,GATE,CS,513,96,4071,2021,,NA,NA,,,,0,
MS. NIVEDITA SETHIYA,PROJECT SCHOLAR (PROJECTS RUNNING AT IIT BHUBANESWAR),ELECTRICAL SCIENCES,COMPUTER SCIENCE,504,GEN,NO,St. Thomas Sr. Sec. School,NA,2007,1,79.8,,,St. Thomas Sr. Sec. School,Science,2009,1,66.2,,,B.Tech.,Mandsaur Institute of Technology,Computer Science and Engineering,2013,1,72.4,,,NA,NA,NA,NA,NA,NA,NA,NA,NA,NA,NA,NA,NA,NA,NA,NA,NO,GATE,CS,504,36.8,4041,2014,2021,CS,2020,(1) IIT Bhubaneswar,(1) Junior Research Fellow,(1) 08/00,8,(1) Task assigned by Project PI
MS. JHARANA PAIKARAY,SPONSORED,ELECTRICAL SCIENCES,COMPUTER SCIENCE,,GEN,NO,CBSE,NA,2003,I,63,6.3,10,CBSE,MATHIPENGLISHPHYCHEM,2005,II,56,5.6,10,B.Tech.,BIJU PATNAIK UNIVERSITY OF TECHNOLOGY,COMPUTER SCIENCE & ENGINEERING,2009,I,66.5,7,10,M.Tech.,BIJU PATNAIK UNIVERSITY OF TECHNOLOGY,COMPUTER SCIENCE & ENGINEERING,2012,I,74,7.79,10,NA,NA,NA,NA,NA,NA,NA,NA,NO,,,,,,,,NA,NA,(1) KONARK INSTITUTE OF SCIENCE & TECHNOLOGY (2) GANDHI INSTITUTE FOR EDUCATION & TECHNOLOGY (3) BHARAT INSTITUTE OF ENGINEERING & TECHNOLOGY (4) UTKAL INSTITUTE OF ENGINEERING & TECHNOLOGY,(1) ASSISTANT PROFESSOR (2) ASSISTANT PROFESSOR (3) LECTURER (4) LECTURER,(1) 03/03 (2) 01/04 (3) 11/01 (4) 01/01,124,(1) TEACHING (2) TEACHING (3) TEACHING (4) TEACHIING
MR. ROMIL KUMAR,INSTITUTE SCHOLAR(MHRD FUNDING),ELECTRICAL SCIENCES,COMPUTER SCIENCE,263,ST,NO,Don Bosco Academy,NA,2009,1st,74.4,,,St Karen's Secondary School,English Physics Chemsitry Maths Biology Painting,2011,1st,66.3,,,B.Tech.,Birla Institute of Technology,Information Technology,2016,1st,65.1,6.51,10,NA,NA,NA,NA,NA,NA,NA,NA,NA,NA,NA,NA,NA,NA,NA,NA,NO,GATE,Computer Science and Information Technology (CS),263,72,27263,2020,2023,NA,NA,,,,0,
MS. SUBHRA JYOTSHNA DASH,INSTITUTE SCHOLAR(MHRD FUNDING),ELECTRICAL SCIENCES,COMPUTER SCIENCE,415,GEN,NO,D.A.V. Public School Pokheriput,NA,2009,first,86,,,Gayatri Women's College Bhubaneswar,Science,2011,first,66,,,B.Tech.,Silicon Institute of Technology Bhubaneswar,Information Technology,2015,first,68,7.24,10,M.Tech.,Samblapur University Institute of Information Technology,Computer Science and Engineering,2020,first,86.95,9.2,10,NA,NA,NA,NA,NA,NA,NA,NA,NO,GATE,Computer Science and Engineering,415,31.44,8836,2021,2024,NA,NA,(1) Infosys Ltd.,(1) Systems Engineer,(1) 02/01,14,(1) Developer
MR. ARABINDA PANDA,PROJECT SCHOLAR (PROJECTS RUNNING AT IIT BHUBANESWAR),ELECTRICAL SCIENCES,COMPUTER SCIENCE,538,GEN,NO,BSE Odisha,NA,2006,1st,89.73,,,CHSE Odisha,Science,2008,1st,61.16,,,B.Tech.,BPUT Odisha,CSE,2012,1st,,7.71,10,M.Tech.,NIT Durgapur,Software Engineering,2015,1st,,8.42,10,NA,NA,NA,NA,NA,NA,NA,NA,YES,GATE,CS & IT,538,98.8,2688,2013,,NA,NA,(1) Government College of Engineering Kalahandi,(1) Assistant Professor,(1) 00/03,36,(1) Teaching Research
MR. SUJIT RAMESH BOREY,INSTITUTE SCHOLAR(MHRD FUNDING),ELECTRICAL SCIENCES,COMPUTER SCIENCE,247,OBC,YES,SHREE SHIVAJI HIGH SCHOOL MEHKARE,NA,2006,2,58.8,,,SHREE SHIVAJI SR COLLEGE CHIKHALI,MATH ENG BIO PHY CHE MARATHI,2008,2,51.33,,,B.Tech.,SGBAU AMRAVATI,OS DBMS OOT JAVA TOC,2015,1,62.52,,,M.E.,SGBAU AMRAVATI,NS OS DBMS,2018,1,,8.55,10,NA,NA,NA,NA,NA,NA,NA,NA,NO,GATE,PASS,247,19.67,30535,2020,2023,NA,NA,,,,0,
MS. PRATIBHA GOND,INSTITUTE SCHOLAR(MHRD FUNDING),ELECTRICAL SCIENCES,COMPUTER SCIENCE,336,ST,NO,Jawahar Navodaya Vidyalaya Sonbhadra,NA,2012,1,,8.6,10,Jawahar Navodaya Vidyalaya Sonbhadra,Science with Maths,2014,1,77.8,,,B.Tech.,AKTU,Information Technology,2019,1,71.8,,,M.Tech.,NIT Mizoram,CSE,2021,1,,7.66,10,NA,NA,NA,NA,NA,NA,NA,NA,YES,GATE,Computer Science and Information Technology (CS),336,,15320,2020,2023,NA,NA,,,,0,
MR. MAYANK SAH,INSTITUTE SCHOLAR(MHRD FUNDING),ELECTRICAL SCIENCES,COMPUTER SCIENCE,379,GEN,NO,Uttarakhand Board,NA,2004,I,75,,,Uttarakhand Board,PCM,2006,I,78,,,B.Tech.,Uttarakhand Technical University,CSE,2011,I,77,,,M.Tech.,UPES Dehradun,AI and ANN,2015,,,3.42,4,NA,NA,NA,NA,NA,NA,NA,NA,NO,GATE,CS,379,,11721,2021,2024,NA,NA,(1) DIT University Dehradun (2) MIET Kumaun Haldwani (3) Wipro Infotech,(1) Assistant Professor (2) Assistant Professor (3) Software Engineer,(1) 03/02 (2) 00/04 (3) 09/01,96,(1) Taking lectures and labs of UG students (2) Taking Lectures and labs of UG students (3) Server and Storage implementation
MR. SUBHADIP DAS,INSTITUTE SCHOLAR(MHRD FUNDING),ELECTRICAL SCIENCES,COMPUTER SCIENCE,381,GEN,NO,WBBSE,NA,2010,First,71.75,,,WBCHSE,Science,2012,First,62.8,,,B.Tech.,Maulana Abul Kalam Azad University of Technology West Bengal,CSE,2017,First,,7.26,10,M.Tech.,NIT Silchar,CSE,2021,First,,7.88,10,NA,NA,NA,NA,NA,NA,NA,NA,YES,GATE,CS,381,32.33,11382,2019,2022,NA,NA,,,,0,
MS. SANIA BANO,INSTITUTE SCHOLAR(MHRD FUNDING),ELECTRICAL SCIENCES,COMPUTER SCIENCE,,OBC,NO,U.P Board,NA,2008,,52.67,,,U.P Board,Mathematics,2010,,52.67,,,B.Tech.,Dr A.P.J Abdul Kalam Technical UniversityLucknow,Electronics and Communication,2017,,77.5,,,M.Tech.,Jamia Millia Islamia University Delhi,Electronics and Communication,2021,,,9.63,10,NA,NA,NA,NA,NA,NA,NA,NA,NO,,,,,,,,NA,NA,,,,0,
MR. RAHUL CHATTERJEE,INSTITUTE SCHOLAR(MHRD FUNDING),ELECTRICAL SCIENCES,COMPUTER SCIENCE,395,EWS,NO,W.B.B.S.E.,NA,2013,1ST,81.57,,,W.B.C.H.S.E.,BENENGMATHSPHYSICSCHEMBIOLOGY,2015,1ST,74.4,,,B.Tech.,M.A.K.A.U.T.WEST BENGAL,COMPUTER SCIENCE AND ENGINEERING,2020,1ST,,8.53,10,NA,NA,NA,NA,NA,NA,NA,NA,NA,NA,NA,NA,NA,NA,NA,NA,NO,GATE,Computer Science and Information Technology (CS),395,90.11,9645,2020,2023,NA,NA,,,,0,
MR. KISLAY SINHA,INSTITUTE SCHOLAR(MHRD FUNDING),ELECTRICAL SCIENCES,COMPUTER SCIENCE,601,OBC,NO,ADWAITA MISSION HIGH SCHOOL,NA,2012,FIRST,,9.8,10,CENTRAL ACADEMY KOTA,PHYSICS CHEMISTRY MATHS ENGLISH PHYSICAL EDUCATION,2014,FIRST,78.8,,,B.Tech.,UNIVERSITY INSTITUTE OF TECHNOLOGY UNIVERSITY OF BURDWAN,CSE,2019,FIRST,70.7,,,NA,NA,NA,NA,NA,NA,NA,NA,NA,NA,NA,NA,NA,NA,NA,NA,NO,GATE,COMPUTER SCIENCE AND INFORMATION TECHNOLOGY,601,98.1,1854,2020,2023,NA,NA,,,,0,
MR. MANOJ KAUSHIK,INSTITUTE SCHOLAR(MHRD FUNDING),ELECTRICAL SCIENCES,COMPUTER SCIENCE,356,EWS,NO,Board of High School and Intermediate Education Uttar Pradesh,NA,2008,Fisrt,69.16,,,Board of High School and Intermediate Education Uttar Pradesh,Physics chemistry Mathematics Hindi English,2010,First,63,,,B.Tech.,Kamla Nehru Institute of Technology AKTU Lucknow,Information Technology,2016,First,76.1,,,M.Tech.,Centre for Advanced Studies AKTU Lucknow,Machine Learning,2021,First,,9.06,,NA,NA,NA,NA,NA,NA,NA,NA,YES,GATE,Computer Science and Information Technology,356,,,2019,,NA,NA,(1) Kranti Tech Services Noida (2) ICAR-IGFRI Jhansi (3) Edureka Bangalore,(1) Software Developer (2) Young Professional (IT) (3) Software Engineer,(1) 07/00 (2) 09/-2020 (3) 00/00,-24224,(1) Software devlopemnt in Python and ReactJS (2) Web and Mobile app development (3) Development of Learning Management System
MR. JOYDEEP RAY,INSTITUTE SCHOLAR(MHRD FUNDING),ELECTRICAL SCIENCES,COMPUTER SCIENCE,353,GEN,NO,Ramakrishna Vivekananda Mission Vidyabhavan,NA,2015,First,84.28,,,Ramakrishna Vivekananda Mission Vidyabhavan,Pure science,2017,First,75.8,,,B.Tech.,Maulana Abul Kalam Azad University of Technology,Computer Science and Engineering,2021,First,82.6,9.01,10,NA,NA,NA,NA,NA,NA,NA,NA,NA,NA,NA,NA,NA,NA,NA,NA,NO,GATE,Computer Science and Information Technology (CS),353,85.73,14537,2021,2024,NA,NA,(1) Tata Consultancy ServicesGitanjali ParkKolkata,(1) Assistant System Engineer-Trainee,(1) 03/00,3,(1) Junior Developer
MS. ADITIKA TUNGAL,INSTITUTE SCHOLAR(DST-INSPIRE FUNDING),ELECTRICAL SCIENCES,COMPUTER SCIENCE,,GEN,NO,Police DAV Public School Jalandhar,NA,2013,1st,93.1,9.8,10,Police DAV Public School Jalandhar,Non-Medical,2015,1st,74,,,B.Tech.,DAV University Jalandhar,Computer Science and Engineering,2019,1st,83.8,8.38,10,M.Tech.,Guru Nanak Dev University Amritsar,Computer Science and Engineering,2021,1st,92.9,9.29,10,NA,NA,NA,NA,NA,NA,NA,NA,NO,,,,,,,,NA,NA,,,,0,
MS. NAMITA RAMESH BILAGI,INSTITUTE SCHOLAR(MHRD FUNDING),ELECTRICAL SCIENCES,COMPUTER SCIENCE,246,SC,NO,Phoenix Public Residential School Honaga Belagavi,NA,2015,10,79.33,,,Govindram Seksaria Science PU College Belagavi,English Hindi Physics Chemistry Mathematics Biology,2017,12,90.33,,,B.Tech.,Visvesvaraya Technological University Belagavi,CSE,2021,,,9.72,10,NA,NA,NA,NA,NA,NA,NA,NA,NA,NA,NA,NA,NA,NA,NA,NA,NO,GATE,CS,246,68,32474,2021,2024,NA,NA,,,,0,
MS. MEHWISH NAUSHIN,INSTITUTE SCHOLAR(MHRD FUNDING),ELECTRICAL SCIENCES,COMPUTER SCIENCE,425,OBC,NO,Paramount Academy,NA,2011,,,9.6,10,St. Xavier's jr/sr School,Physics Chemistry and Mathematics,2013,,89.4,,,B.Tech.,Dr. B. C. Roy Engineering College,Information Technology,2017,,,8.36,10,M.Tech.,NIT Patna,Computer Science and Engineering,2021,,,8.85,10,NA,NA,NA,NA,NA,NA,NA,NA,NO,GATE,Computer science and Information Technology (CS),425,31.33,7414,2018,2021,NA,NA,,,,0,
MR. SUDEEPTA PAL,INSTITUTE SCHOLAR(MHRD FUNDING),ELECTRICAL SCIENCES,COMPUTER SCIENCE,529,GEN,NO,Board of Secondary Education Odisha,NA,2005,First,68.13,,,Council of Higher Secondary Education Odisha,Science,2008,Third,40,,,B.Tech.,Biju Patnaik University of Technology Odisha,Computer Science and Engineering,2012,,,6.94,10,M.Tech.,National Institute of Technology Durgapur,Computer Science and Engineering,2020,First,,7.95,10,NA,NA,NA,NA,NA,NA,NA,NA,YES,GATE,CS,529,97.09,3135,2018,2021,NA,NA,,,,0,
MS. VANEET KOUR,INSTITUTE SCHOLAR(UGC-CSIR FUNDING),ELECTRICAL SCIENCES,COMPUTER SCIENCE,362,GEN,NO,Swami vivekanand high school Dinanagar,NA,2010,1,74.63,,,Sumitra Devi Arya sen sec school Dinanagar,Physics Chemistry Maths,2012,1,76,,,B.Tech.,BCET Gurdaspur,Information Technology,2016,1,76.29,,,M.E.,UIET Panjab University Chandigarh,CSE,2021,1,,7.83,10,NA,NA,NA,NA,NA,NA,NA,NA,NO,GATE,CS,362,,12049,2018,2021,NA,NA,,,,0,
MS. LALITA AGRAWAL,INSTITUTE SCHOLAR(MHRD FUNDING),ELECTRICAL SCIENCES,COMPUTER SCIENCE,600,GEN,NO,MP Board,NA,2008,First,87.6,,,MP Board,MathematicsPhysicsChemistry HindiEnglish,2010,First,89,,,B.Tech.,MITS Gwalior,Information Technology,2015,First,7.12,,,M.Tech.,MANIT Bhopal,CSE,2019,First,8.2,,,NA,NA,NA,NA,NA,NA,NA,NA,YES,GATE,Computer Science &Information Technology,600,,1826,2017,,NA,NA,(1) Govt. Polytechnic College Sheopur (2) Parul University Vadodara (3) IIT Guwahati,(1) Lecturer (2) Assistant Professor (3) JRF,(1) 10/00 (2) 07/00 (3) 09/01,38,(1) Teaching (2) Teaching (3) Research
MS. RUCHIRA RAY,INSTITUTE SCHOLAR(MHRD FUNDING),ELECTRICAL SCIENCES,COMPUTER SCIENCE,411,GEN,NO,West Bengal Board of Secondary Education,NA,2012,1 st,87.28,,,West Bengal Council of Higher Secondary Education,Science,2014,1 st,83.8,,,B.Sc.,University of North Bengal,Mathematics,2017,1 st,72.75,,,M.Sc.,University of North Bengal,Mathematics,2019,1 st,81.38,,,NA,NA,NA,NA,NA,NA,NA,NA,NO,GATE,Mathematics,411,89.63,1206,2021,2024,NA,NA,,,,0,
MS. AFRIN ALAM,INSTITUTE SCHOLAR(MHRD FUNDING),ELECTRICAL SCIENCES,COMPUTER SCIENCE,,GEN,NO,CBSE,NA,2010,1,76,,,CBSE,PCM,2013,2,59.6,,,B.Tech.,MAKAUT,CSE,2017,1,76,,,M.Tech.,BIT MESRA,CSE,2020,1,79.1,,,NA,NA,NA,NA,NA,NA,NA,NA,NO,,,,,,,,NA,NA,(1) ESS EMM COMPUTER CAMBRIDGE INSTITUTE OF TECHNOLOGYRANCHI (2) ESS EMM COMPUTERS RANCHI,(1) FACULTY ASISTANT PROFESSOR (2) FACULTY,(1) 04/01 (2) 11/00,27,(1) TEACHING (2) TEACHING
MS. KAKALI KARAK,INSTITUTE SCHOLAR(MHRD FUNDING),ELECTRICAL SCIENCES,COMPUTER SCIENCE,496,SC,NO,Assembly of God church school,NA,2014,1st,95,10,10,Assembly of god church school,PCMB,2016,1st,94,,,B.Tech.,Indian institute of engineering science and technology Shibpur,IT,2020,1st,,8.37,10,NA,NA,NA,NA,NA,NA,NA,NA,NA,NA,NA,NA,NA,NA,NA,NA,NO,GATE,CS,496,98,4631,2021,2024,NA,NA,(1) Capgemini Bangalore,(1) senior analyst,(1) 00/01,12,(1) Developer in Oracle ERP
MR. SUBINAY ADHIKARY,INSTITUTE SCHOLAR(MHRD FUNDING),ELECTRICAL SCIENCES,COMPUTER SCIENCE,374,GEN,NO,DUM DUM K.K HINDU ACADEMY,NA,2010,1ST,76,,,DUM DUM K.K HINDU ACADEMY,BENGALIENGLISHMATHEMATICSPHYSICSCHEMISTRY BIOLOGY,2012,1ST,66,,,B.Tech.,WBUT,COMPUTER SCIENCE AND ENGINEERING,2016,1ST,,7.98,10,M.Tech.,CALCUTTA UNIVERSITY,INFORMATION TECHNOLOGY,2019,1ST,68.8,,,NA,NA,NA,NA,NA,NA,NA,NA,NO,GATE,COMPUTER SCIENCE AND INFORMATION TECHNOLOGY,374,,12007,2019,2022,COMPUTER SCIENCE AND APPLICATIONS,2018,(1) JADAVPUR UNIVERSITY (2) ELITTE INSTITUTE OF ENGINEERING AND MANAGEMENT,(1) PROJECT ASSISTANT (2) ASST. PROFESSOR,(1) 07/00 (2) 09/01,28,(1) RESEARCH (2) FACULTY
MR. VIRENDRA KUMAR GAUTAM,INSTITUTE SCHOLAR(MHRD FUNDING),ELECTRICAL SCIENCES,COMPUTER SCIENCE,298,SC,NO,CBSE,NA,2009,1,89.4,,,CBSE,Science with mathematics,2011,1,74.8,,,B.Tech.,Chhatrapati shahuji maharaj university kanpur,Information Technology,2016,1,,6.91,10,M.Tech.,IIT Guwahati,Rural technology,2018,1,,8.44,10,NA,NA,NA,NA,NA,NA,NA,NA,YES,GATE,CS and IT,298,78.59,20862,2020,2023,NA,NA,,,,0,
MR. BISWAJIT MANDAL,INSTITUTE SCHOLAR(MHRD FUNDING),ELECTRICAL SCIENCES,COMPUTER SCIENCE,520,GEN,NO,West Bengal Board of Secondary Education,NA,2011,1 st,69.5,,,West Bengal Council of Higher Secondary Education,Science,2013,1 st,73.6,,,B.Sc.,University of Calcutta,Mathematics,2016,2 nd,59.12,,,M.Sc.,University of North Bengal,Mathematics,2019,1 st,63,,,NA,NA,NA,NA,NA,NA,NA,NA,NO,GATE,Mathematics,520,96.12,451,2021,2024,NA,NA,,,,0,
MS. SUSMITA DAS,INSTITUTE SCHOLAR(MHRD FUNDING),ELECTRICAL SCIENCES,COMPUTER SCIENCE,383,GEN,NO,ICSE Board St. Joseph's School Kharagpur,NA,2011,1st,80.8,,,ICSE Board St. Agnes School Khargpur,Science,2013,1st,78.25,,,B.Tech.,MAKAUT,Computer Science,2018,1st,7.81,,,M.S.,IIT Kharagpur,Artificial Intelligence,2021,,,,,NA,NA,NA,NA,NA,NA,NA,NA,NO,GATE,Computer Science,383,89.12,10597,2020,2023,NA,NA,(1) Prof. Jiaul Paik IIT Kharagpur,(1) Junior Project Officer,(1) 07/02,31,(1) Research Work in AI
MS. TANU PRIYA,INSTITUTE SCHOLAR(MHRD FUNDING),ELECTRICAL SCIENCES,COMPUTER SCIENCE,341,SC,NO,Jharkhand Academic Council,NA,2006,1st,67.2,,,State Board of Technical Education Ranchi,Computer Science And engineering,2009,1st,73.8,,,B.Tech.,Chhattishgarh Swami Vivekanand Technical University,Computer Science And engineering,2015,1st,66,,,M.Tech.,Birla institute of Technology Mesra,Computer Science And engineering,2021,1st,,7.8,10,NA,NA,NA,NA,NA,NA,NA,NA,YES,GATE,Computer Science,341,,15284,2019,2022,NA,NA,,,,0,
MS. ARPITA DEBISHREE,INSTITUTE SCHOLAR(UGC-CSIR FUNDING),ELECTRICAL SCIENCES,COMPUTER SCIENCE,357,SC,NO,BSEOdisha,NA,2003,first,88.55,,,CHSEOdisha,pcbm,2005,first,71.66,,,B.Tech.,BPUTOdisha,Computer Science Engg,2010,first,,7.67,10,M.Tech.,BPUTOdisha,IT,2016,first,,7.92,10,NA,NA,NA,NA,NA,NA,NA,NA,YES,GATE,csea,357,90.71,14555,2012,,computer Science,2019,(1) bose (2) IMIT,(1) guest faculty (2) guest faculty,(1) 07/01 (2) 09/-2020,-24212,(1) teaching (2) teaching
MS. MONA BUNDELA,VISVESWARAYA PH.D. SCHEME FOR ELECTRONICS AND IT,ELECTRICAL SCIENCES,COMPUTER SCIENCE,333,SC,NO,Board of Secondary Education Rajasthan,NA,2007,Second,59.5,,,Board of Secondary Education Rajasthan,PCM,2009,First,60,,,B.Tech.,Rajasthan Technical University Kota,Information Technology,2014,First,65.77,,,M.Tech.,Defence Institute of Advanced Technology Pune,Cyber Security,2019,First,,6.8,10,NA,NA,NA,NA,NA,NA,NA,NA,YES,GATE,Computer Science and Information Technology,333,23.46,13651,2017,,NA,NA,,,,0,
MS. JYOTISANA MEENA,INSTITUTE SCHOLAR(MHRD FUNDING),ELECTRICAL SCIENCES,COMPUTER SCIENCE,241,ST,NO,Ramanand Senior Secondary School,NA,2007,First,83,,,Ramanand Senior Secondary School,Mathematics Chemistry Physics,2009,First,69.85,,,B.Tech.,MBM Engineering College Jodhpur,Electronics and Electrical Engineering,2015,First,62.84,,,M.Tech.,National Institute of Technology Calicut,Electrical Engineering,2021,First,,8.89,10,NA,NA,NA,NA,NA,NA,NA,NA,YES,GATE,Electrical Engineering,241,74.7,28363,2019,2022,NA,NA,,,,0,
MS. KARTHIKA N J,INSTITUTE SCHOLAR(MHRD FUNDING),ELECTRICAL SCIENCES,COMPUTER SCIENCE,548,GEN,NO,CBSE,NA,2011,,,10,10,Pre-University Education Board Karnataka,Chemistry Physics Mathematics Computer Science English Hindi,2013,Distinction,89.83,,,B.Tech.,Visvesvaraya Technological University Belagavi,Computer Science and Engineering,2017,FC with Distinction,71.13,,,M.Tech.,NIT Durgapur,Computer Science and Engineering,2020,First Class,,9.12,10,NA,NA,NA,NA,NA,NA,NA,NA,YES,GATE,Computer Science and Information Technology,548,97.49,2712,2018,2021,Computer Science and Applications,2019,(1) BNM Institute of Technology Bangalore-560070,(1) Assistant Professor,(1) 09/00,9,(1) Teaching
MS. MANISHA MAHAPATRA,INSTITUTE SCHOLAR(MHRD FUNDING),ELECTRICAL SCIENCES,COMPUTER SCIENCE,367,GEN,NO,CBSE,NA,2012,FIRST,95,10,10,CBSE,PCMB,2014,FIRST,90,,,B.Tech.,BIJU PATNAIK UNIVERSITY OF TECHNOLOGY,COMPUTER SCIENCE AND ENGINEERING,2020,FIRST,88.1,9.31,10,NA,NA,NA,NA,NA,NA,NA,NA,NA,NA,NA,NA,NA,NA,NA,NA,NO,GATE,CS,367,,11966,2020,2023,NA,NA,,,,0,
MR. DEEPAK KUMAR,INSTITUTE SCHOLAR(MHRD FUNDING),ELECTRICAL SCIENCES,COMPUTER SCIENCE,623,GEN,NO,KUIC Bhawalpur Wasli,NA,2005,First,61,,,KUIC Bhawalpur Wasli,PCM,2007,First,69.2,,,B.Tech.,UPTU Lucknow,Computer Science and Engineering,2012,First,67.8,,,M.Tech.,MNNIT Allahabad,Software Engineering,2016,First,,8.25,10,NA,NA,NA,NA,NA,NA,NA,NA,YES,GATE,Computer Scinece and Information Technology,623,98.74,1459,2015,,Computer science and Applications,2018,(1) Teerthanker Mahaveer University Moradabad Uttar Pradesh (2) College of Technology GBPUAT Pantnagar uttarakhand,(1) Assistant Professor (2) Assistant Professor Under TEQIP-III,(1) 02/02 (2) 00/03,62,(1) Teaching and Research (2) Teaching and Research
MS. BHARTI,VISVESWARAYA PH.D. SCHEME FOR ELECTRONICS AND IT,ELECTRICAL SCIENCES,COMPUTER SCIENCE,259,SC,NO,CGBSE RAIPUR,NA,2012,Second,58.5,,,CGBSE RAIPUR,Mathematics,2014,Second,54.2,,,B.Tech.,CSVTU BHILAI CG,Computer science and engineering,2018,First,69.62,,,M.Tech.,CSVTU BHILAI CG,Computer science and engineering,2021,First,77.2,,,NA,NA,NA,NA,NA,NA,NA,NA,YES,GATE,Computer science and information technology CS,259,74.65,27344,2018,2021,NA,NA,,,,0,
MS. PRACHI SONI,INSTITUTE SCHOLAR(MHRD FUNDING),ELECTRICAL SCIENCES,COMPUTER SCIENCE,348,GEN,NO,CGBSE(state board),NA,2011,first,90.83,,,CGBSE(state board),physics chemistry maths,2013,first,88,,,B.Tech.,chhattisgarh swami vivekanand technical university bhilai,information technology,2017,first,78.48,,,M.Tech.,nit raipur,information technology,2019,first,,8.02,10,NA,NA,NA,NA,NA,NA,NA,NA,YES,GATE,computer science and information technology,348,24.8,12132,2017,,computer science and application,2020,(1) siksha o anusandhan bhubneshwar (2) goverment engineering collegebilaspur (3) goverment engineering collegebilaspur,(1) assistant professor (2) part time lecturer (3) part time lecturer,(1) 06/00 (2) 08/00 (3) 04/00,18,(1) taking classes online exam duty (2) taking classes online exam duty (3) taking classes online exam duty
MR. NASEEM BABU,INSTITUTE SCHOLAR(MHRD FUNDING),ELECTRICAL SCIENCES,COMPUTER SCIENCE,410,OBC,NO,UP Board,NA,2010,1,62.33,,,UP Board,Mathematics,2012,1,78,,,B.Tech.,Dr. AITH Kanpur UP,Information Technology,2017,1,73.32,,,M.Tech.,MNIT Jaipur,Computer Engineering,2020,1,,7.38,10,NA,NA,NA,NA,NA,NA,NA,NA,YES,GATE,CS & IT,410,92.33,8537,2020,2023,NA,NA,,,,0,
MS. RACHANA BEHERA,INSTITUTE SCHOLAR(MHRD FUNDING),ELECTRICAL SCIENCES,COMPUTER SCIENCE,,SC,NO,BSE ODISHA,NA,2007,1st,68.13,,,BOSE CUTTACK ODISHA,COMPUTER SCIENCE AND ENGINEERING,2010,1st,70.34,,,B.Tech.,IGIT SARANG DHENKANAL,COMPUTER SCIENCE AND ENGINEERING,2013,1st,66.2,7.12,10,M.Tech.,UTKAL UNIVERSITY ODISHA,COMPUTER SCIENCE,2015,1st,67.21,,,NA,NA,NA,NA,NA,NA,NA,NA,NO,,,,,,,,NA,NA,(1) NIT WARANGAL WARANGAL TELANGANA-506004 (2) IMIT CUTTACK ODISHA (3) RAVENSHAW UNIVERSITY ODISHA (4) BOSE CUTTACK ODISHA,(1) ADHOC FACULTY (2) GUEST FACULTY (3) GUEST FACULTY (4) PART TIME GUEST FACULTY,(1) 09/00 (2) 04/01 (3) 07/00 (4) 07/01,51,(1) TEACHING LAB HANDLING PAPER EVALUATION (2) TEACHING PAPER EVALUATION (3) TEACHING LAB HANDLING (4) TEACHING LAB HANDLING PAPER EVALUATION
MS. SHALINI TOMAR,INSTITUTE SCHOLAR(MHRD FUNDING),ELECTRICAL SCIENCES,COMPUTER SCIENCE,324,GEN,NO,UP BOARD,NA,1998,2,56,,,NIOS,PCM,2003,2,57,,,B.Tech.,UPTU,CSE,2007,1,66,,,M.Tech.,AKTU,CSE,2021,1,,8.5,10,NA,NA,NA,NA,NA,NA,NA,NA,NO,GATE,CS,324,,3084,2006,,NA,NA,(1) JPIHM MEERUT (2) KJP BHARUCH,(1) LECTURER (2) LECTURER,(1) 08/02 (2) 02/10,154,(1) TEACHING (2) TEACHING
$,,,,,,,,,,,,,,,,,,,,,,,,,,,,,,,,,,,,,,,,,,,,,,,,,,,,,,,,,,,
,,,,,,,,,,,,,,,,,,,,,,,,,,,,,,,,,,,,,,,,,,,,,,,,,,,,,,,,,,,
,,,,,,,,,,,,,,,,,,,,,,,,,,,,,,,,,,,,,,,,,,,,,,,,,,,,,,,,,,,
 MR. DIPANJAN GUHA CHOWDHURY, INSTITUTE SCHOLAR(MHRD FUNDING), ELECTRICAL SCIENCES, COMPUTER SCIENCE,426, GEN, NO, West Bengal Board of Secondary Education, NA, 2009, 1st, 72,,, West Bengal Council of Higher Secondary Education, Science, 2011, 2nd, 53,,, Other UG, West Bengal University of Technology, Computer Application, 2014, 1st,, 6.9, 10, Other, West Bengal University of Technology, Computer Application, 2018, 1st,, 7.9, 10, MTECH, NIT Durgapur, Operations Research, 2021, 1st,, 8.23,,NO,GATE,Computer Science and Information Technology,426,,8252,2019,2022,NA,NA,,,,0,
 MR. AUROBINDA BHARAT MAHARANA, NON-TEACHING STAFF(IIT BHUBANESWAR), ELECTRICAL SCIENCES, COMPUTER SCIENCE,417, GEN, NO, St. Paul School Rourkela, NA, 2012,, 80,,, Delhi Public School Rourkela, Science, 2014,, 65,,, B.Tech., National Institute of Science and Technology Berhampur, Computer Science and Enggineering, 2018,,, 7.11, 10, M.Tech., Kalinga Institute of Industrial Technology Bhubaneswar, Computer Science, 2021,,, 8.73, 10, NA, NA, NA, NA, NA, NA, NA, NA,YES,GATE,Computer Science,417,,7878,2018,2021,NA,NA,,,,0,
 MR. ATAL BEHARI SINHA, INSTITUTE SCHOLAR(UGC-CSIR FUNDING), ELECTRICAL SCIENCES, COMPUTER SCIENCE,278, SC, NO, JNV UTTAR DINAJPUR, NA, 2010,, 93.1, 9.8, 10, JNV NORTH 24PARGANAS, ENGLISH PHYSICS CHEMISTRY MATHEMATICS COMPUTER SCIENCE, 2012,, 69.4,,, B.Sc., UNIVERSITY OF CALCUTTA, COMPUTER SCIENCE, 2015,, 63.12,,, M.Sc., UNIVERSITY OF CALCUTTA, COMPUTER AND INFORMATION SCIENCE, 2018,, 72.33, 6.72, 10, M.Tech., JAWAHARLAL NEHRU UNIVERSITY, STATISTICAL COMPUTING( DATA SCIENCE), 2021,,, 6.26, 9,NO,GATE,COMPUTER SCIENCE AND INFORMATION TECHNOLOGY,278,24198,,2020,2023, COMPUTER SCIENCE AND APPLICATION, 2020,,,,0,
 MS. PRANJALI SINGH, INSTITUTE SCHOLAR(MHRD FUNDING), ELECTRICAL SCIENCES, COMPUTER SCIENCE,359, OBC, NO, Deoria Senior Secondary School, NA, 2010, 1,, 6.4, 10, Mittal International School, Physics Chemistry Mathematics English, 2012, 2, 59.2,,, B.Tech., Pranveer Singh Institute of Technology, Computer Science & Engineering, 2016, 1, 68.9,,, M.Tech., Dr. B.R. Ambedkar National Institute of Technology, Computer Science & Engineering, 2021, 1, 75.1, 7.51, 10, NA, NA, NA, NA, NA, NA, NA, NA,YES,GATE,Computer Science & Information Technology,359,86.59,13392,2019,2022,NA,NA,,,,0,
 MR. SACHIN SAHU, INSTITUTE SCHOLAR(MHRD FUNDING), ELECTRICAL SCIENCES, COMPUTER SCIENCE,441, GEN, NO, BSE ODISHA, NA, 2005, FIRST, 76.93,,, CHSE ORISSA, SCIENCE, 2007, SECOND, 57.77,,, B.Tech., BPUT ORISSA, B.TECH, 2011, FIRST,, 7.64, 10, M.Tech., NIT PATNA, M.TECH, 2019, FIRST,, 8.05, 10, NA, NA, NA, NA, NA, NA, NA, NA,YES,GATE,CS,441,,6650,2020,2023,NA,NA, (1) IIIT ALLAHABAD  (2) JECRC UNIVERSITY, (1) JRF  (2) ASSISTANT PROFESSOR, (1) 05/01  (2) 03/00,20, (1) RESEARCH  (2) TEACHING
 MS. SHILPI KUMARI, INSTITUTE SCHOLAR(MHRD FUNDING), ELECTRICAL SCIENCES, COMPUTER SCIENCE,470, OBC, NO, S R Vidya Mandir Mukundpur Bhagalpur Bihar, NA, 2011,, 89.3, 9.4, 10, DAV Public School Sector IV B S City Bokaro Jharkhand, Physics Chemistry Mathematics Physical Education English Biology, 2012,, 77,,, B.Tech., Maharishi Arvind Institute of Engineering and Technology Jaipur, Computer Science and Engineering, 2018,, 71.74,,, M.Tech., Jawaharlal Nehru University New Delhi, Computer Science and Technology, 2021,, 76, 7.1, 9, NA, NA, NA, NA, NA, NA, NA, NA,NO,GATE,CS19S33030062,470,94.05,5945,2019,2022, COMPUTER SCIENCE AND APPLICATIONS, 2020,,,,0,
 MR. SOUVIK HALDER, INSTITUTE SCHOLAR(MHRD FUNDING), ELECTRICAL SCIENCES, COMPUTER SCIENCE,428, SC, NO, West Bengal Board Of Secondary Education, NA, 2010, FIRST, 82,,, West Bengal Council of Higher Secondary Education, SCIENCE, 2012, FIRST, 78.60,,, B.Tech., Government College of Engineering And Ceramic Technology, IT, 2016, FIRST,, 8.61, 10, M.Tech., Indian Institute of Engineering Science and Technology Shibpur, CSE, 2019, FIRST, 72,,, NA, NA, NA, NA, NA, NA, NA, NA,YES,GATE,CS AND IT,428,32,6813,2017,, COMPUTER SCIENCE AND APPLICATION, 2019,,,,0,
 MR. VADDE CHANDRA, NON-TEACHING STAFF(IIT BHUBANESWAR), ELECTRICAL SCIENCES, COMPUTER SCIENCE,, OBC, NO, SSC AP, NA, 2001, first, 77.5,,, APSWRJC KANEKALATP AP, MPC, 2003, first, 77.5,,, B.Sc., ARTS COLLAGE ANANTAPUR, ELECTRONI CS, 2006, first, 68,,, M.Tech., BITS PILANI, SOFTWARE SYSTEMS, 2020, first,, 7.26, 10, MCA, SV UNIVERSITY AP, COMPUTER APPLICATIO NS, 2012,, 65.8,,,NO,,,,,,,,NA,NA,,,,0,
 MR. SUNIL KUMAR, INSTITUTE SCHOLAR(UGC-CSIR FUNDING), ELECTRICAL SCIENCES, COMPUTER SCIENCE,445, OBC, NO, JPNS HIGH SCHOOLNARHANSAMASTIPUR, NA, 2009, FIRST, 74.8,, 10, JANTA COLLEGESINGHIA BUJURGSAMASTIPUR, MATHPHYSICSCHHEMISTRYHINDIENGLISH, 2011, FIRST, 60,, 10, B.Tech., BHAGALPUR COLLEGE OF ENGINEERINGBHAGALPURBIHAR, COMPUTER SCIENCE AND ENGINEERING, 2017, FIRST, 70.67,, 10, M.Tech., NATIONAL INSTITUTE OF TECHNOLOGYDURGAPURWEST BENGAL, COMPUTER SCIENCE AND ENGINEERING, 2021, FIRST, 7.88,, 10, NA, NA, NA, NA, NA, NA, NA, NA,YES,GATE,COMPUTER SCIENCE AND INFORMATION TECHNOLOGY,445,,6458,2020,2023,NA,NA,,,,0,
 MS. AKANKSHA AYUSHI, NON-TEACHING STAFF(IIT BHUBANESWAR), ELECTRICAL SCIENCES, COMPUTER SCIENCE,513, GEN, NO, CBSE, NA, 2012, 1, 85, 9, 10, CBSE, PHYSICS CHEMISTRY MATHEMATICS ENGLISH PHYSICAL EDUCATION, 2014, 1, 88,,, B.Tech., VBU, CSE, 2019, 1, 79, 7.9, 10, M.Tech., B.I.T MESRA, CS, 2021, 1, 89, 8.9, 10, NA, NA, NA, NA, NA, NA, NA, NA,YES,GATE,CS,513,96,4071,2021,,NA,NA,,,,0,
 MS. NIVEDITA SETHIYA, PROJECT SCHOLAR (PROJECTS RUNNING AT IIT BHUBANESWAR), ELECTRICAL SCIENCES, COMPUTER SCIENCE,504, GEN, NO, St. Thomas Sr. Sec. School, NA, 2007, 1, 79.8,,, St. Thomas Sr. Sec. School, Science, 2009, 1, 66.2,,, B.Tech., Mandsaur Institute of Technology, Computer Science and Engineering, 2013, 1, 72.4,,, NA, NA, NA, NA, NA, NA, NA, NA, NA, NA, NA, NA, NA, NA, NA, NA,NO,GATE,CS,504,36.8,4041,2014,2021, CS, 2020, (1) IIT Bhubaneswar, (1) Junior Research Fellow, (1) 08/00,8, (1) Task assigned by Project PI
 MS. JHARANA PAIKARAY, SPONSORED, ELECTRICAL SCIENCES, COMPUTER SCIENCE,, GEN, NO, CBSE, NA, 2003, I, 63, 6.3, 10, CBSE, MATHIPENGLISHPHYCHEM, 2005, II, 56, 5.6, 10, B.Tech., BIJU PATNAIK UNIVERSITY OF TECHNOLOGY, COMPUTER SCIENCE & ENGINEERING, 2009, I, 66.5, 7.0, 10, M.Tech., BIJU PATNAIK UNIVERSITY OF TECHNOLOGY, COMPUTER SCIENCE & ENGINEERING, 2012, I, 74, 7.79, 10, NA, NA, NA, NA, NA, NA, NA, NA,NO,,,,,,,,NA,NA, (1) KONARK INSTITUTE OF SCIENCE & TECHNOLOGY  (2) GANDHI INSTITUTE FOR EDUCATION & TECHNOLOGY  (3) BHARAT INSTITUTE OF ENGINEERING & TECHNOLOGY  (4) UTKAL INSTITUTE OF ENGINEERING & TECHNOLOGY, (1) ASSISTANT PROFESSOR  (2) ASSISTANT PROFESSOR  (3) LECTURER  (4) LECTURER, (1) 03/03  (2) 01/04  (3) 11/01  (4) 01/01,124, (1) TEACHING  (2) TEACHING  (3) TEACHING  (4) TEACHIING
 MR. ROMIL KUMAR, INSTITUTE SCHOLAR(MHRD FUNDING), ELECTRICAL SCIENCES, COMPUTER SCIENCE,263, ST, NO, Don Bosco Academy, NA, 2009, 1st, 74.4,,, St Karen's Secondary School, English Physics Chemsitry Maths Biology Painting, 2011, 1st, 66.3,,, B.Tech., Birla Institute of Technology, Information Technology, 2016, 1st, 65.1, 6.51, 10, NA, NA, NA, NA, NA, NA, NA, NA, NA, NA, NA, NA, NA, NA, NA, NA,NO,GATE,Computer Science and Information Technology (CS),263,72,27263,2020,2023,NA,NA,,,,0,
 MS. SUBHRA JYOTSHNA DASH, INSTITUTE SCHOLAR(MHRD FUNDING), ELECTRICAL SCIENCES, COMPUTER SCIENCE,415, GEN, NO, D.A.V. Public School Pokheriput, NA, 2009, first, 86,,, Gayatri Women's College Bhubaneswar, Science, 2011, first, 66,,, B.Tech., Silicon Institute of Technology Bhubaneswar, Information Technology, 2015, first, 68, 7.24, 10, M.Tech., Samblapur University Institute of Information Technology, Computer Science and Engineering, 2020, first, 86.95, 9.2, 10, NA, NA, NA, NA, NA, NA, NA, NA,NO,GATE,Computer Science and Engineering,415,31.44,8836,2021,2024,NA,NA, (1) Infosys Ltd., (1) Systems Engineer, (1) 02/01,14, (1) Developer
 MR. ARABINDA PANDA, PROJECT SCHOLAR (PROJECTS RUNNING AT IIT BHUBANESWAR), ELECTRICAL SCIENCES, COMPUTER SCIENCE,538, GEN, NO, BSE Odisha, NA, 2006, 1st, 89.73,,, CHSE Odisha, Science, 2008, 1st, 61.16,,, B.Tech., BPUT Odisha, CSE, 2012, 1st,, 7.71, 10, M.Tech., NIT Durgapur, Software Engineering, 2015, 1st,, 8.42, 10, NA, NA, NA, NA, NA, NA, NA, NA,YES,GATE,CS & IT,538,98.8,2688,2013,,NA,NA, (1) Government College of Engineering Kalahandi, (1) Assistant Professor, (1) 00/03,36, (1) Teaching Research
 MR. SUJIT RAMESH BOREY, INSTITUTE SCHOLAR(MHRD FUNDING), ELECTRICAL SCIENCES, COMPUTER SCIENCE,247, OBC, YES, SHREE SHIVAJI HIGH SCHOOL MEHKARE, NA, 2006, 2, 58.80,,, SHREE SHIVAJI SR COLLEGE CHIKHALI, MATH ENG BIO PHY CHE MARATHI, 2008, 2, 51.33,,, B.Tech., SGBAU AMRAVATI, OS DBMS OOT JAVA TOC, 2015, 1, 62.52,,, M.E., SGBAU AMRAVATI, NS OS DBMS, 2018, 1,, 8.55, 10, NA, NA, NA, NA, NA, NA, NA, NA,NO,GATE,PASS,247,19.67,30535,2020,2023,NA,NA,,,,0,
 MS. PRATIBHA GOND, INSTITUTE SCHOLAR(MHRD FUNDING), ELECTRICAL SCIENCES, COMPUTER SCIENCE,336, ST, NO, Jawahar Navodaya Vidyalaya Sonbhadra, NA, 2012, 1,, 8.6, 10, Jawahar Navodaya Vidyalaya Sonbhadra, Science with Maths, 2014, 1, 77.8,,, B.Tech., AKTU, Information Technology, 2019, 1, 71.8,,, M.Tech., NIT Mizoram, CSE, 2021, 1,, 7.66, 10, NA, NA, NA, NA, NA, NA, NA, NA,YES,GATE,Computer Science and Information Technology (CS),336,,15320,2020,2023,NA,NA,,,,0,
 MR. MAYANK SAH, INSTITUTE SCHOLAR(MHRD FUNDING), ELECTRICAL SCIENCES, COMPUTER SCIENCE,379, GEN, NO, Uttarakhand Board, NA, 2004, I, 75,,, Uttarakhand Board, PCM, 2006, I, 78,,, B.Tech., Uttarakhand Technical University, CSE, 2011, I, 77,,, M.Tech., UPES Dehradun, AI and ANN, 2015,,, 3.42, 4, NA, NA, NA, NA, NA, NA, NA, NA,NO,GATE,CS,379,,11721,2021,2024,NA,NA, (1) DIT University Dehradun  (2) MIET Kumaun Haldwani  (3) Wipro Infotech, (1) Assistant Professor  (2) Assistant Professor  (3) Software Engineer, (1) 03/02  (2) 00/04  (3) 09/01,96, (1) Taking lectures and labs of UG students  (2) Taking Lectures and labs of UG students  (3) Server and Storage implementation
 MR. SUBHADIP DAS, INSTITUTE SCHOLAR(MHRD FUNDING), ELECTRICAL SCIENCES, COMPUTER SCIENCE,381, GEN, NO, WBBSE, NA, 2010, First, 71.75,,, WBCHSE, Science, 2012, First, 62.8,,, B.Tech., Maulana Abul Kalam Azad University of Technology West Bengal, CSE, 2017, First,, 7.26, 10, M.Tech., NIT Silchar, CSE, 2021, First,, 7.88, 10, NA, NA, NA, NA, NA, NA, NA, NA,YES,GATE,CS,381,32.33,11382,2019,2022,NA,NA,,,,0,
 MS. SANIA BANO, INSTITUTE SCHOLAR(MHRD FUNDING), ELECTRICAL SCIENCES, COMPUTER SCIENCE,, OBC, NO, U.P Board, NA, 2008,, 52.67,,, U.P Board, Mathematics, 2010,, 52.67,,, B.Tech., Dr A.P.J Abdul Kalam Technical UniversityLucknow, Electronics and Communication, 2017,, 77.5,,, M.Tech., Jamia Millia Islamia University  Delhi, Electronics and Communication, 2021,,, 9.63, 10, NA, NA, NA, NA, NA, NA, NA, NA,NO,,,,,,,,NA,NA,,,,0,
 MR. RAHUL CHATTERJEE, INSTITUTE SCHOLAR(MHRD FUNDING), ELECTRICAL SCIENCES, COMPUTER SCIENCE,395, EWS, NO, W.B.B.S.E., NA, 2013, 1ST, 81.57,,, W.B.C.H.S.E., BENENGMATHSPHYSICSCHEMBIOLOGY, 2015, 1ST, 74.40,,, B.Tech., M.A.K.A.U.T.WEST BENGAL, COMPUTER SCIENCE AND ENGINEERING, 2020, 1ST,, 8.53, 10, NA, NA, NA, NA, NA, NA, NA, NA, NA, NA, NA, NA, NA, NA, NA, NA,NO,GATE,Computer Science and Information Technology (CS),395,90.11,9645,2020,2023,NA,NA,,,,0,
 MR. KISLAY SINHA, INSTITUTE SCHOLAR(MHRD FUNDING), ELECTRICAL SCIENCES, COMPUTER SCIENCE,601, OBC, NO, ADWAITA MISSION HIGH SCHOOL, NA, 2012, FIRST,, 9.8, 10, CENTRAL ACADEMY KOTA, PHYSICS CHEMISTRY MATHS ENGLISH PHYSICAL EDUCATION, 2014, FIRST, 78.8,,, B.Tech., UNIVERSITY INSTITUTE OF TECHNOLOGY UNIVERSITY OF BURDWAN, CSE, 2019, FIRST, 70.7,,, NA, NA, NA, NA, NA, NA, NA, NA, NA, NA, NA, NA, NA, NA, NA, NA,NO,GATE,COMPUTER SCIENCE AND INFORMATION TECHNOLOGY,601,98.1,1854,2020,2023,NA,NA,,,,0,
 MR. MANOJ KAUSHIK, INSTITUTE SCHOLAR(MHRD FUNDING), ELECTRICAL SCIENCES, COMPUTER SCIENCE,356, EWS, NO, Board of High School and Intermediate Education Uttar Pradesh, NA, 2008, Fisrt, 69.16,,, Board of High School and Intermediate Education Uttar Pradesh, Physics chemistry Mathematics Hindi English, 2010, First, 63,,, B.Tech., Kamla Nehru Institute of Technology AKTU Lucknow, Information Technology, 2016, First, 76.1,,, M.Tech., Centre for Advanced Studies AKTU Lucknow, Machine Learning, 2021, First,, 9.06,, NA, NA, NA, NA, NA, NA, NA, NA,YES,GATE,Computer Science and Information Technology,356,,,2019,,NA,NA, (1) Kranti Tech Services Noida  (2) ICAR-IGFRI Jhansi  (3) Edureka Bangalore, (1) Software Developer  (2) Young Professional (IT)  (3) Software Engineer, (1) 07/00  (2) 09/-2020  (3) 00/00,-24224, (1) Software devlopemnt in Python and ReactJS  (2) Web and Mobile app development  (3) Development of Learning Management System
 MR. JOYDEEP RAY, INSTITUTE SCHOLAR(MHRD FUNDING), ELECTRICAL SCIENCES, COMPUTER SCIENCE,353, GEN, NO, Ramakrishna Vivekananda Mission Vidyabhavan, NA, 2015, First, 84.28,,, Ramakrishna Vivekananda Mission Vidyabhavan, Pure science, 2017, First, 75.8,,, B.Tech., Maulana Abul Kalam Azad University of Technology, Computer Science and Engineering, 2021, First, 82.6, 9.01, 10, NA, NA, NA, NA, NA, NA, NA, NA, NA, NA, NA, NA, NA, NA, NA, NA,NO,GATE,Computer Science and Information Technology (CS),353,85.73,14537,2021,2024,NA,NA, (1) Tata Consultancy ServicesGitanjali ParkKolkata, (1) Assistant System Engineer-Trainee, (1) 03/00,3, (1) Junior Developer
 MS. ADITIKA TUNGAL, INSTITUTE SCHOLAR(DST-INSPIRE FUNDING), ELECTRICAL SCIENCES, COMPUTER SCIENCE,, GEN, NO, Police DAV Public School Jalandhar, NA, 2013, 1st, 93.1, 9.8, 10, Police DAV Public School Jalandhar, Non-Medical, 2015, 1st, 74.0,,, B.Tech., DAV University Jalandhar, Computer Science and Engineering, 2019, 1st, 83.80, 8.38, 10, M.Tech., Guru Nanak Dev University Amritsar, Computer Science and Engineering, 2021, 1st, 92.9, 9.29, 10, NA, NA, NA, NA, NA, NA, NA, NA,NO,,,,,,,,NA,NA,,,,0,
 MS. NAMITA RAMESH BILAGI, INSTITUTE SCHOLAR(MHRD FUNDING), ELECTRICAL SCIENCES, COMPUTER SCIENCE,246, SC, NO, Phoenix Public Residential School Honaga Belagavi, NA, 2015, 10, 79.33,,, Govindram Seksaria Science PU College Belagavi, English Hindi Physics Chemistry Mathematics Biology, 2017, 12, 90.33,,, B.Tech., Visvesvaraya Technological University Belagavi, CSE, 2021,,, 9.72, 10, NA, NA, NA, NA, NA, NA, NA, NA, NA, NA, NA, NA, NA, NA, NA, NA,NO,GATE,CS,246,68,32474,2021,2024,NA,NA,,,,0,
 MS. MEHWISH NAUSHIN, INSTITUTE SCHOLAR(MHRD FUNDING), ELECTRICAL SCIENCES, COMPUTER SCIENCE,425, OBC, NO, Paramount Academy, NA, 2011,,, 9.6, 10, St. Xavier's jr/sr School, Physics Chemistry and Mathematics, 2013,, 89.4,,, B.Tech., Dr. B. C. Roy Engineering College, Information Technology, 2017,,, 8.36, 10, M.Tech., NIT Patna, Computer Science and Engineering, 2021,,, 8.85, 10, NA, NA, NA, NA, NA, NA, NA, NA,NO,GATE,Computer science and Information Technology (CS),425,31.33,7414,2018,2021,NA,NA,,,,0,
 MR. SUDEEPTA PAL, INSTITUTE SCHOLAR(MHRD FUNDING), ELECTRICAL SCIENCES, COMPUTER SCIENCE,529, GEN, NO, Board of Secondary Education Odisha, NA, 2005, First, 68.13,,, Council of Higher Secondary Education Odisha, Science, 2008, Third, 40,,, B.Tech., Biju Patnaik University of Technology Odisha, Computer Science and Engineering, 2012,,, 6.94, 10, M.Tech., National Institute of Technology Durgapur, Computer Science and Engineering, 2020, First,, 7.95, 10, NA, NA, NA, NA, NA, NA, NA, NA,YES,GATE,CS,529,97.09,3135,2018,2021,NA,NA,,,,0,
 MS. VANEET KOUR, INSTITUTE SCHOLAR(UGC-CSIR FUNDING), ELECTRICAL SCIENCES, COMPUTER SCIENCE,362, GEN, NO, Swami vivekanand high school Dinanagar, NA, 2010, 1, 74.63,,, Sumitra Devi Arya sen sec school Dinanagar, Physics Chemistry Maths, 2012, 1, 76,,, B.Tech., BCET Gurdaspur, Information Technology, 2016, 1, 76.29,,, M.E., UIET Panjab University Chandigarh, CSE, 2021, 1,, 7.83, 10, NA, NA, NA, NA, NA, NA, NA, NA,NO,GATE,CS,362,,12049,2018,2021,NA,NA,,,,0,
 MS. LALITA AGRAWAL, INSTITUTE SCHOLAR(MHRD FUNDING), ELECTRICAL SCIENCES, COMPUTER SCIENCE,600, GEN, NO, MP Board, NA, 2008, First, 87.60,,, MP Board, MathematicsPhysicsChemistry HindiEnglish, 2010, First, 89.00,,, B.Tech., MITS Gwalior, Information Technology, 2015, First, 7.12,,, M.Tech., MANIT Bhopal, CSE, 2019, First, 8.2,,, NA, NA, NA, NA, NA, NA, NA, NA,YES,GATE,Computer Science &Information Technology,600,,1826,2017,,NA,NA, (1) Govt. Polytechnic College Sheopur  (2) Parul University Vadodara  (3) IIT Guwahati, (1) Lecturer  (2) Assistant Professor  (3) JRF, (1) 10/00  (2) 07/00  (3) 09/01,38, (1) Teaching  (2) Teaching  (3) Research
 MS. RUCHIRA RAY, INSTITUTE SCHOLAR(MHRD FUNDING), ELECTRICAL SCIENCES, COMPUTER SCIENCE,411, GEN, NO, West Bengal Board of Secondary Education, NA, 2012, 1 st, 87.28,,, West Bengal Council of Higher Secondary Education, Science, 2014, 1 st, 83.8,,, B.Sc., University of North Bengal, Mathematics, 2017, 1 st, 72.75,,, M.Sc., University of North Bengal, Mathematics, 2019, 1 st, 81.38,,, NA, NA, NA, NA, NA, NA, NA, NA,NO,GATE,Mathematics,411,89.63,1206,2021,2024,NA,NA,,,,0,
 MS. AFRIN ALAM, INSTITUTE SCHOLAR(MHRD FUNDING), ELECTRICAL SCIENCES, COMPUTER SCIENCE,, GEN, NO, CBSE, NA, 2010, 1, 76,,, CBSE, PCM, 2013, 2, 59.6,,, B.Tech., MAKAUT, CSE, 2017, 1, 76,,, M.Tech., BIT MESRA, CSE, 2020, 1, 79.1,,, NA, NA, NA, NA, NA, NA, NA, NA,NO,,,,,,,,NA,NA, (1) ESS EMM COMPUTER CAMBRIDGE INSTITUTE OF TECHNOLOGYRANCHI  (2) ESS EMM COMPUTERS RANCHI, (1) FACULTY ASISTANT PROFESSOR  (2) FACULTY, (1) 04/01  (2) 11/00,27, (1) TEACHING  (2) TEACHING
 MS. KAKALI KARAK, INSTITUTE SCHOLAR(MHRD FUNDING), ELECTRICAL SCIENCES, COMPUTER SCIENCE,496, SC, NO, Assembly of God church school, NA, 2014, 1st, 95, 10, 10, Assembly of god church school, PCMB, 2016, 1st, 94,,, B.Tech., Indian institute of engineering science and technology Shibpur, IT, 2020, 1st,, 8.37, 10, NA, NA, NA, NA, NA, NA, NA, NA, NA, NA, NA, NA, NA, NA, NA, NA,NO,GATE,CS,496,98,4631,2021,2024,NA,NA, (1) Capgemini Bangalore, (1) senior analyst, (1) 00/01,12, (1) Developer in Oracle ERP
 MR. SUBINAY ADHIKARY, INSTITUTE SCHOLAR(MHRD FUNDING), ELECTRICAL SCIENCES, COMPUTER SCIENCE,374, GEN, NO, DUM DUM K.K HINDU ACADEMY, NA, 2010, 1ST, 76,,, DUM DUM K.K HINDU ACADEMY, BENGALIENGLISHMATHEMATICSPHYSICSCHEMISTRY BIOLOGY, 2012, 1ST, 66,,, B.Tech., WBUT, COMPUTER SCIENCE AND ENGINEERING, 2016, 1ST,, 7.98, 10, M.Tech., CALCUTTA UNIVERSITY, INFORMATION TECHNOLOGY, 2019, 1ST, 68.8,,, NA, NA, NA, NA, NA, NA, NA, NA,NO,GATE,COMPUTER SCIENCE AND INFORMATION TECHNOLOGY,374,,12007,2019,2022, COMPUTER SCIENCE AND APPLICATIONS, 2018, (1) JADAVPUR UNIVERSITY  (2) ELITTE INSTITUTE OF ENGINEERING AND MANAGEMENT, (1) PROJECT ASSISTANT  (2) ASST. PROFESSOR, (1) 07/00  (2) 09/01,28, (1) RESEARCH  (2) FACULTY
 MR. VIRENDRA KUMAR GAUTAM, INSTITUTE SCHOLAR(MHRD FUNDING), ELECTRICAL SCIENCES, COMPUTER SCIENCE,298, SC, NO, CBSE, NA, 2009, 1, 89.40,,, CBSE, Science with mathematics, 2011, 1, 74.8,,, B.Tech., Chhatrapati shahuji maharaj university kanpur, Information Technology, 2016, 1,, 6.91, 10, M.Tech., IIT Guwahati, Rural technology, 2018, 1,, 8.44, 10, NA, NA, NA, NA, NA, NA, NA, NA,YES,GATE,CS and IT,298,78.59,20862,2020,2023,NA,NA,,,,0,
 MR. BISWAJIT MANDAL, INSTITUTE SCHOLAR(MHRD FUNDING), ELECTRICAL SCIENCES, COMPUTER SCIENCE,520, GEN, NO, West Bengal Board of Secondary Education, NA, 2011, 1 st, 69.5,,, West Bengal Council of Higher Secondary Education, Science, 2013, 1 st, 73.6,,, B.Sc., University of Calcutta, Mathematics, 2016, 2 nd, 59.12,,, M.Sc., University of North Bengal, Mathematics, 2019, 1 st, 63,,, NA, NA, NA, NA, NA, NA, NA, NA,NO,GATE,Mathematics,520,96.12,451,2021,2024,NA,NA,,,,0,
 MS. SUSMITA DAS, INSTITUTE SCHOLAR(MHRD FUNDING), ELECTRICAL SCIENCES, COMPUTER SCIENCE,383, GEN, NO, ICSE Board St. Joseph's School  Kharagpur, NA, 2011, 1st, 80.8,,, ICSE Board St. Agnes School Khargpur, Science, 2013, 1st, 78.25,,, B.Tech., MAKAUT, Computer Science, 2018, 1st, 7.81,,, M.S., IIT Kharagpur, Artificial Intelligence, 2021,,,,, NA, NA, NA, NA, NA, NA, NA, NA,NO,GATE,Computer Science,383,89.12,10597,2020,2023,NA,NA, (1) Prof. Jiaul Paik  IIT Kharagpur, (1) Junior Project Officer, (1) 07/02,31, (1) Research Work in AI
 MS. TANU PRIYA, INSTITUTE SCHOLAR(MHRD FUNDING), ELECTRICAL SCIENCES, COMPUTER SCIENCE,341, SC, NO, Jharkhand Academic Council, NA, 2006, 1st, 67.2,,, State Board of Technical Education Ranchi, Computer Science And engineering, 2009, 1st, 73.8,,, B.Tech., Chhattishgarh Swami Vivekanand Technical University, Computer Science And engineering, 2015, 1st, 66,,, M.Tech., Birla institute of Technology Mesra, Computer Science And engineering, 2021, 1st,, 7.8, 10, NA, NA, NA, NA, NA, NA, NA, NA,YES,GATE,Computer Science,341,,15284,2019,2022,NA,NA,,,,0,
 MS. ARPITA DEBISHREE, INSTITUTE SCHOLAR(UGC-CSIR FUNDING), ELECTRICAL SCIENCES, COMPUTER SCIENCE,357, SC, NO, BSEOdisha, NA, 2003, first, 88.55,,, CHSEOdisha, pcbm, 2005, first, 71.66,,, B.Tech., BPUTOdisha, Computer Science Engg, 2010, first,, 7.67, 10, M.Tech., BPUTOdisha, IT, 2016, first,, 7.92, 10, NA, NA, NA, NA, NA, NA, NA, NA,YES,GATE,csea,357,90.71,14555,2012,, computer Science, 2019, (1) bose  (2) IMIT, (1) guest faculty  (2) guest faculty, (1) 07/01  (2) 09/-2020,-24212, (1) teaching  (2) teaching
 MS. MONA BUNDELA, VISVESWARAYA PH.D. SCHEME FOR ELECTRONICS AND IT, ELECTRICAL SCIENCES, COMPUTER SCIENCE,333, SC, NO, Board of Secondary Education Rajasthan, NA, 2007, Second, 59.50,,, Board of Secondary Education Rajasthan, PCM, 2009, First, 60,,, B.Tech., Rajasthan Technical University Kota, Information Technology, 2014, First, 65.77,,, M.Tech., Defence Institute of Advanced Technology Pune, Cyber Security, 2019, First,, 6.8, 10, NA, NA, NA, NA, NA, NA, NA, NA,YES,GATE,Computer Science and Information Technology,333,23.46,13651,2017,,NA,NA,,,,0,
 MS. JYOTISANA MEENA, INSTITUTE SCHOLAR(MHRD FUNDING), ELECTRICAL SCIENCES, COMPUTER SCIENCE,241, ST, NO, Ramanand Senior Secondary School, NA, 2007, First, 83.00,,, Ramanand Senior Secondary School, Mathematics Chemistry Physics, 2009, First, 69.85,,, B.Tech., MBM Engineering College Jodhpur, Electronics and Electrical Engineering, 2015, First, 62.84,,, M.Tech., National Institute of Technology Calicut, Electrical Engineering, 2021, First,, 8.89, 10, NA, NA, NA, NA, NA, NA, NA, NA,YES,GATE,Electrical Engineering,241,74.7,28363,2019,2022,NA,NA,,,,0,
 MS. KARTHIKA N J, INSTITUTE SCHOLAR(MHRD FUNDING), ELECTRICAL SCIENCES, COMPUTER SCIENCE,548, GEN, NO, CBSE, NA, 2011,,, 10, 10, Pre-University Education Board Karnataka, Chemistry Physics Mathematics Computer Science English Hindi, 2013, Distinction, 89.83,,, B.Tech., Visvesvaraya Technological University Belagavi, Computer Science and Engineering, 2017, FC with Distinction, 71.13,,, M.Tech., NIT Durgapur, Computer Science and Engineering, 2020, First Class,, 9.12, 10, NA, NA, NA, NA, NA, NA, NA, NA,YES,GATE,Computer Science and Information Technology,548,97.49,2712,2018,2021, Computer Science and Applications, 2019, (1) BNM Institute of Technology Bangalore-560070, (1) Assistant Professor, (1) 09/00,9, (1) Teaching
 MS. MANISHA MAHAPATRA, INSTITUTE SCHOLAR(MHRD FUNDING), ELECTRICAL SCIENCES, COMPUTER SCIENCE,367, GEN, NO, CBSE, NA, 2012, FIRST, 95.0, 10, 10, CBSE, PCMB, 2014, FIRST, 90.0,,, B.Tech., BIJU PATNAIK UNIVERSITY OF TECHNOLOGY, COMPUTER SCIENCE AND ENGINEERING, 2020, FIRST, 88.1, 9.31, 10, NA, NA, NA, NA, NA, NA, NA, NA, NA, NA, NA, NA, NA, NA, NA, NA,NO,GATE,CS,367,,11966,2020,2023,NA,NA,,,,0,
 MR. DEEPAK KUMAR, INSTITUTE SCHOLAR(MHRD FUNDING), ELECTRICAL SCIENCES, COMPUTER SCIENCE,623, GEN, NO, KUIC Bhawalpur Wasli, NA, 2005, First, 61.00,,, KUIC Bhawalpur Wasli, PCM, 2007, First, 69.20,,, B.Tech., UPTU Lucknow, Computer Science and Engineering, 2012, First, 67.80,,, M.Tech., MNNIT Allahabad, Software Engineering, 2016, First,, 8.25, 10, NA, NA, NA, NA, NA, NA, NA, NA,YES,GATE,Computer Scinece and Information Technology,623,98.74,1459,2015,, Computer science and Applications, 2018, (1) Teerthanker Mahaveer University Moradabad Uttar Pradesh  (2) College of Technology GBPUAT Pantnagar uttarakhand, (1) Assistant Professor  (2) Assistant Professor Under TEQIP-III, (1) 02/02  (2) 00/03,62, (1) Teaching and Research  (2) Teaching and Research
 MS. BHARTI, VISVESWARAYA PH.D. SCHEME FOR ELECTRONICS AND IT, ELECTRICAL SCIENCES, COMPUTER SCIENCE,259, SC, NO, CGBSE RAIPUR, NA, 2012, Second, 58.5,,, CGBSE RAIPUR, Mathematics, 2014, Second, 54.2,,, B.Tech., CSVTU BHILAI CG, Computer science and engineering, 2018, First, 69.62,,, M.Tech., CSVTU BHILAI CG, Computer science and engineering, 2021, First, 77.2,,, NA, NA, NA, NA, NA, NA, NA, NA,YES,GATE,Computer science and information technology CS,259,74.65,27344,2018,2021,NA,NA,,,,0,
 MS. PRACHI SONI, INSTITUTE SCHOLAR(MHRD FUNDING), ELECTRICAL SCIENCES, COMPUTER SCIENCE,348, GEN, NO, CGBSE(state board), NA, 2011, first, 90.83,,, CGBSE(state board), physics chemistry maths, 2013, first, 88,,, B.Tech., chhattisgarh swami vivekanand technical university bhilai, information technology, 2017, first, 78.48,,, M.Tech., nit raipur, information technology, 2019, first,, 8.02, 10, NA, NA, NA, NA, NA, NA, NA, NA,YES,GATE,computer science and information technology,348,24.8,12132,2017,, computer science and application, 2020, (1) siksha o anusandhan bhubneshwar  (2) goverment engineering collegebilaspur  (3) goverment engineering collegebilaspur, (1) assistant professor  (2) part time lecturer  (3) part time lecturer, (1) 06/00  (2) 08/00  (3) 04/00,18, (1) taking classes online exam duty  (2) taking classes online exam duty  (3) taking classes online exam duty
 MR. NASEEM BABU, INSTITUTE SCHOLAR(MHRD FUNDING), ELECTRICAL SCIENCES, COMPUTER SCIENCE,410, OBC, NO, UP Board, NA, 2010, 1, 62.33,,, UP Board, Mathematics, 2012, 1, 78.00,,, B.Tech., Dr. AITH Kanpur UP, Information Technology, 2017, 1, 73.32,,, M.Tech., MNIT Jaipur, Computer Engineering, 2020, 1,, 7.38, 10, NA, NA, NA, NA, NA, NA, NA, NA,YES,GATE,CS & IT,410,92.33,8537,2020,2023,NA,NA,,,,0,
 MS. RACHANA BEHERA, INSTITUTE SCHOLAR(MHRD FUNDING), ELECTRICAL SCIENCES, COMPUTER SCIENCE,, SC, NO, BSE ODISHA, NA, 2007, 1st, 68.13,,, BOSE CUTTACK ODISHA, COMPUTER SCIENCE AND ENGINEERING, 2010, 1st, 70.34,,, B.Tech., IGIT SARANG DHENKANAL, COMPUTER SCIENCE AND ENGINEERING, 2013, 1st, 66.20, 7.12, 10, M.Tech., UTKAL UNIVERSITY ODISHA, COMPUTER SCIENCE, 2015, 1st, 67.21,,, NA, NA, NA, NA, NA, NA, NA, NA,NO,,,,,,,,NA,NA, (1) NIT WARANGAL WARANGAL TELANGANA-506004  (2) IMIT CUTTACK ODISHA  (3) RAVENSHAW UNIVERSITY ODISHA  (4) BOSE CUTTACK ODISHA, (1) ADHOC FACULTY  (2) GUEST FACULTY  (3) GUEST FACULTY  (4) PART TIME GUEST FACULTY, (1) 09/00  (2) 04/01  (3) 07/00  (4) 07/01,51, (1) TEACHING LAB HANDLING PAPER EVALUATION  (2) TEACHING PAPER EVALUATION  (3) TEACHING LAB HANDLING  (4) TEACHING LAB HANDLING PAPER EVALUATION
 MS. SHALINI TOMAR, INSTITUTE SCHOLAR(MHRD FUNDING), ELECTRICAL SCIENCES, COMPUTER SCIENCE,324, GEN, NO, UP BOARD, NA, 1998, 2, 56,,, NIOS, PCM, 2003, 2, 57,,, B.Tech., UPTU, CSE, 2007, 1, 66,,, M.Tech., AKTU, CSE, 2021, 1,, 8.5, 10, NA, NA, NA, NA, NA, NA, NA, NA,NO,GATE,CS,324,,3084,2006,,NA,NA, (1) JPIHM MEERUT  (2) KJP BHARUCH, (1) LECTURER  (2) LECTURER, (1) 08/02  (2) 02/10,154, (1) TEACHING  (2) TEACHING
